site_id,site_code,site_name,country_code,country,latitude,longitude,source_system,source_network,source_files,source_count,coordinate_details,review_reason
AU-DaP,DaP,Daly River Pasture,AU,Australia,-14.0633,131.3181,explorer_accessible,Vegetation metadata,external_site_lists/FluxSite_List_Pingyu.xlsx#Sheet1; external_site_lists/Towers_Stoy.csv; external_site_lists/allSites.xlsx#Sheet1; external_site_lists/explorerSiteList_032026.xlsx#Sheet1; external_site_lists/originals/FluxSite_List_Pingyu.xlsx#Sheet1; external_site_lists/originals/Towers_Stoy.csv; external_site_lists/unique_flux_sites.csv; assets/shuttle_snapshot.csv; assets/site_name_metadata.csv; assets/site_vegetation_metadata.csv; assets/siteinfo_fluxnet2015.csv,11,"max_distance_km=10.64; (-14.0633, 131.3181) <= external_site_lists/FluxSite_List_Pingyu.xlsx#Sheet1, external_site_lists/allSites.xlsx#Sheet1, external_site_lists/originals/FluxSite_List_Pingyu.xlsx#Sheet1, external_site_lists/unique_flux_sites.csv, assets/shuttle_snapshot.csv, assets/siteinfo_fluxnet2015.csv | (-14.1331, 131.3856) <= external_site_lists/Towers_Stoy.csv, external_site_lists/originals/Towers_Stoy.csv",materially conflicting coordinates were present across contributing records
AU-How,How,Howard Springs,AU,Australia,-12.4952,131.15005,explorer_accessible,Vegetation metadata,external_site_lists/FluxSite_List_Pingyu.xlsx#Sheet1; external_site_lists/LaThuile_SiteLatLonClimate.xlsx#Sheet1; external_site_lists/Towers_Stoy.csv; external_site_lists/allSites.xlsx#Sheet1; external_site_lists/explorerSiteList_032026.xlsx#Sheet1; external_site_lists/originals/FluxSite_List_Pingyu.xlsx#Sheet1; external_site_lists/originals/Towers_Stoy.csv; external_site_lists/unique_flux_sites.csv; assets/shuttle_snapshot.csv; assets/site_name_metadata.csv; assets/site_vegetation_metadata.csv; assets/siteinfo_fluxnet2015.csv,12,"max_distance_km=49.89; (-12.4943, 131.152) <= external_site_lists/LaThuile_SiteLatLonClimate.xlsx#Sheet1 | (-12.4943, 131.1523) <= external_site_lists/FluxSite_List_Pingyu.xlsx#Sheet1, external_site_lists/allSites.xlsx#Sheet1, external_site_lists/originals/FluxSite_List_Pingyu.xlsx#Sheet1, external_site_lists/unique_flux_sites.csv, assets/siteinfo_fluxnet2015.csv | (-12.4952, 131.15005) <= assets/shuttle_snapshot.csv | (-12.943, 131.1523) <= external_site_lists/Towers_Stoy.csv, external_site_lists/originals/Towers_Stoy.csv",materially conflicting coordinates were present across contributing records
AU-Sil,Sil,Silver Plains,AU,Australia,-42.090556,147.0875,explorer_accessible,Site metadata,external_site_lists/FluxSite_List_Pingyu.xlsx#Sheet1; external_site_lists/Towers_Stoy.csv; external_site_lists/allSites.xlsx#Sheet1; external_site_lists/originals/FluxSite_List_Pingyu.xlsx#Sheet1; external_site_lists/originals/Towers_Stoy.csv; external_site_lists/sites_not_in_explorer.csv; external_site_lists/unique_flux_sites.csv; assets/shuttle_snapshot.csv; assets/site_name_metadata.csv,9,"max_distance_km=7.50; (-42.090556, 147.087) <= external_site_lists/Towers_Stoy.csv, external_site_lists/originals/Towers_Stoy.csv | (-42.090556, 147.0875) <= assets/shuttle_snapshot.csv | (-42.15, 147.13) <= external_site_lists/FluxSite_List_Pingyu.xlsx#Sheet1, external_site_lists/allSites.xlsx#Sheet1, external_site_lists/originals/FluxSite_List_Pingyu.xlsx#Sheet1, external_site_lists/sites_not_in_explorer.csv, external_site_lists/unique_flux_sites.csv",materially conflicting coordinates were present across contributing records
BR-SP1,SP1,Southern Pantanal Wetland,BR,Brazil,-19.565,-57.018,explorer_repo_metadata,Vegetation metadata,external_site_lists/FluxSite_List_Pingyu.xlsx#Sheet1; external_site_lists/LaThuile_SiteLatLonClimate.xlsx#Sheet1; external_site_lists/allSites.xlsx#Sheet1; external_site_lists/originals/FluxSite_List_Pingyu.xlsx#Sheet1; external_site_lists/sites_not_in_explorer.csv; external_site_lists/unique_flux_sites.csv; assets/ameriflux_site_info.csv; assets/site_name_metadata.csv; assets/site_vegetation_metadata.csv,9,"max_distance_km=1001.33; (-19.565, -57.018) <= external_site_lists/FluxSite_List_Pingyu.xlsx#Sheet1, external_site_lists/allSites.xlsx#Sheet1, external_site_lists/originals/FluxSite_List_Pingyu.xlsx#Sheet1, external_site_lists/sites_not_in_explorer.csv, external_site_lists/unique_flux_sites.csv, assets/ameriflux_site_info.csv | (-21.6195, -47.6499) <= external_site_lists/LaThuile_SiteLatLonClimate.xlsx#Sheet1",materially conflicting coordinates were present across contributing records
CA-ER1,ER1,Elora Research Station,CA,Canada,43.6405,-80.4123,explorer_repo_metadata,Vegetation metadata,external_site_lists/FluxSite_List_Pingyu.xlsx#Sheet1; external_site_lists/Towers_Stoy.csv; external_site_lists/allSites.xlsx#Sheet1; external_site_lists/explorerSiteList_032026.xlsx#Sheet1; external_site_lists/originals/FluxSite_List_Pingyu.xlsx#Sheet1; external_site_lists/originals/Towers_Stoy.csv; external_site_lists/sites_not_in_explorer.csv; external_site_lists/unique_flux_sites.csv; assets/ameriflux_site_info.csv; assets/site_name_metadata.csv; assets/site_vegetation_metadata.csv,11,"max_distance_km=0.21; (43.6405, -80.4123) <= external_site_lists/FluxSite_List_Pingyu.xlsx#Sheet1, external_site_lists/Towers_Stoy.csv, external_site_lists/allSites.xlsx#Sheet1, external_site_lists/originals/FluxSite_List_Pingyu.xlsx#Sheet1, external_site_lists/originals/Towers_Stoy.csv, external_site_lists/unique_flux_sites.csv, assets/ameriflux_site_info.csv | (43.6419, -80.414) <= external_site_lists/Towers_Stoy.csv, external_site_lists/originals/Towers_Stoy.csv, external_site_lists/sites_not_in_explorer.csv, external_site_lists/unique_flux_sites.csv, assets/ameriflux_site_info.csv",conflicting FLUXNET-style site_ids contributed to the merged site
CH-Oe3,Oe3,Oensingen extensive grassland,CH,Switzerland,47.1712,7.436,explorer_accessible,European Fluxes Database,external_site_lists/EFDC_SitesList.csv; external_site_lists/FluxSite_List_Pingyu.xlsx#Sheet1; external_site_lists/allSites.xlsx#Sheet1; external_site_lists/explorerSiteList_032026.xlsx#Sheet1; external_site_lists/originals/FluxSite_List_Pingyu.xlsx#Sheet1; external_site_lists/unique_flux_sites.csv; assets/efd_curated_sites_snapshot.csv; assets/efd_sites_snapshot.csv; assets/icos_direct_fluxnet.csv; assets/shuttle_snapshot.csv; assets/site_name_metadata.csv,11,"max_distance_km=25.74; (47.1712, 7.436) <= assets/icos_direct_fluxnet.csv, assets/shuttle_snapshot.csv | (47.285418, 7.732438) <= external_site_lists/EFDC_SitesList.csv, external_site_lists/FluxSite_List_Pingyu.xlsx#Sheet1, external_site_lists/allSites.xlsx#Sheet1, external_site_lists/originals/FluxSite_List_Pingyu.xlsx#Sheet1, external_site_lists/unique_flux_sites.csv, assets/efd_curated_sites_snapshot.csv, assets/efd_sites_snapshot.csv",materially conflicting coordinates were present across contributing records
CN-Ash,Ash,Ailaoshan,CN,China,24.53806,101.02917,explorer_accessible,Site metadata,external_site_lists/FluxSite_List_Pingyu.xlsx#Sheet1; external_site_lists/allSites.xlsx#Sheet1; external_site_lists/explorerSiteList_032026.xlsx#Sheet1; external_site_lists/originals/FluxSite_List_Pingyu.xlsx#Sheet1; external_site_lists/sites_not_in_explorer.csv; external_site_lists/unique_flux_sites.csv; assets/icos_direct_fluxnet.csv; assets/shuttle_snapshot.csv; assets/site_name_metadata.csv,9,"max_distance_km=1.37; (24.533333, 101.016667) <= external_site_lists/FluxSite_List_Pingyu.xlsx#Sheet1, external_site_lists/allSites.xlsx#Sheet1, external_site_lists/originals/FluxSite_List_Pingyu.xlsx#Sheet1, external_site_lists/sites_not_in_explorer.csv, external_site_lists/unique_flux_sites.csv | (24.53806, 101.02917) <= assets/icos_direct_fluxnet.csv, assets/shuttle_snapshot.csv",conflicting FLUXNET-style site_ids contributed to the merged site
CN-Cha,Cha,Changsha(Paddy Rice),CN,China,42.4025,128.0958,explorer_repo_metadata,Vegetation metadata,external_site_lists/FluxSite_List_Pingyu.xlsx#Sheet1; external_site_lists/LaThuile_SiteLatLonClimate.xlsx#Sheet1; external_site_lists/Towers_Stoy.csv; external_site_lists/allSites.xlsx#Sheet1; external_site_lists/explorerSiteList_032026.xlsx#Sheet1; external_site_lists/originals/FluxSite_List_Pingyu.xlsx#Sheet1; external_site_lists/originals/Towers_Stoy.csv; external_site_lists/unique_flux_sites.csv; assets/site_name_metadata.csv; assets/site_vegetation_metadata.csv; assets/siteinfo_fluxnet2015.csv,11,"max_distance_km=2030.90; (28.580417, 113.32775) <= external_site_lists/FluxSite_List_Pingyu.xlsx#Sheet1, external_site_lists/allSites.xlsx#Sheet1, external_site_lists/originals/FluxSite_List_Pingyu.xlsx#Sheet1, external_site_lists/unique_flux_sites.csv | (35.233333, 107.683333) <= external_site_lists/FluxSite_List_Pingyu.xlsx#Sheet1, external_site_lists/allSites.xlsx#Sheet1, external_site_lists/originals/FluxSite_List_Pingyu.xlsx#Sheet1 | (41.4025, 128.095833) <= external_site_lists/Towers_Stoy.csv, external_site_lists/originals/Towers_Stoy.csv | (42.4025, 128.0958) <= assets/siteinfo_fluxnet2015.csv | (42.4025, 128.095833) <= external_site_lists/FluxSite_List_Pingyu.xlsx#Sheet1, external_site_lists/allSites.xlsx#Sheet1, external_site_lists/originals/FluxSite_List_Pingyu.xlsx#Sheet1 | (42.4025, 128.096) <= external_site_lists/LaThuile_SiteLatLonClimate.xlsx#Sheet1",materially conflicting coordinates were present across contributing records
CN-Dam,Dam,Daman (Paddy Rice),CN,China,41.643944,110.328389,external_docs,Site metadata,external_site_lists/FluxSite_List_Pingyu.xlsx#Sheet1; external_site_lists/allSites.xlsx#Sheet1; external_site_lists/originals/FluxSite_List_Pingyu.xlsx#Sheet1; external_site_lists/sites_not_in_explorer.csv; external_site_lists/unique_flux_sites.csv; assets/site_name_metadata.csv,6,"max_distance_km=899.38; (38.855556, 100.372278) <= external_site_lists/FluxSite_List_Pingyu.xlsx#Sheet1, external_site_lists/allSites.xlsx#Sheet1, external_site_lists/originals/FluxSite_List_Pingyu.xlsx#Sheet1, external_site_lists/sites_not_in_explorer.csv, external_site_lists/unique_flux_sites.csv | (41.643944, 110.328389) <= external_site_lists/FluxSite_List_Pingyu.xlsx#Sheet1, external_site_lists/allSites.xlsx#Sheet1, external_site_lists/originals/FluxSite_List_Pingyu.xlsx#Sheet1",materially conflicting coordinates were present across contributing records
CN-Do1,Do1,Dongtan 1 (CM1),CN,China,31.516667,121.960717,external_docs,Site metadata,external_site_lists/FluxSite_List_Pingyu.xlsx#Sheet1; external_site_lists/LaThuile_SiteLatLonClimate.xlsx#Sheet1; external_site_lists/Towers_Stoy.csv; external_site_lists/allSites.xlsx#Sheet1; external_site_lists/originals/FluxSite_List_Pingyu.xlsx#Sheet1; external_site_lists/originals/Towers_Stoy.csv; external_site_lists/sites_not_in_explorer.csv; external_site_lists/unique_flux_sites.csv; assets/site_name_metadata.csv,9,"max_distance_km=9.32; (31.516667, 121.960717) <= external_site_lists/FluxSite_List_Pingyu.xlsx#Sheet1, external_site_lists/allSites.xlsx#Sheet1, external_site_lists/originals/FluxSite_List_Pingyu.xlsx#Sheet1, external_site_lists/sites_not_in_explorer.csv, external_site_lists/unique_flux_sites.csv | (31.5167, 121.961) <= external_site_lists/LaThuile_SiteLatLonClimate.xlsx#Sheet1 | (31.5847, 121.9035) <= external_site_lists/Towers_Stoy.csv, external_site_lists/originals/Towers_Stoy.csv",materially conflicting coordinates were present across contributing records
CN-Do2,Do2,Dongtan 2 (CM2),CN,China,31.58465,121.90345,external_docs,Site metadata,external_site_lists/FluxSite_List_Pingyu.xlsx#Sheet1; external_site_lists/LaThuile_SiteLatLonClimate.xlsx#Sheet1; external_site_lists/Towers_Stoy.csv; external_site_lists/allSites.xlsx#Sheet1; external_site_lists/originals/FluxSite_List_Pingyu.xlsx#Sheet1; external_site_lists/originals/Towers_Stoy.csv; external_site_lists/sites_not_in_explorer.csv; external_site_lists/unique_flux_sites.csv; assets/site_name_metadata.csv,9,"max_distance_km=9.96; (31.5169, 121.9717) <= external_site_lists/Towers_Stoy.csv, external_site_lists/originals/Towers_Stoy.csv | (31.58465, 121.90345) <= external_site_lists/FluxSite_List_Pingyu.xlsx#Sheet1, external_site_lists/allSites.xlsx#Sheet1, external_site_lists/originals/FluxSite_List_Pingyu.xlsx#Sheet1, external_site_lists/sites_not_in_explorer.csv, external_site_lists/unique_flux_sites.csv | (31.5847, 121.903) <= external_site_lists/LaThuile_SiteLatLonClimate.xlsx#Sheet1",materially conflicting coordinates were present across contributing records
CN-Du1,Du1,CN-Du1,CN,China,42.013591,116.30127,external_docs,Stoy only,external_site_lists/LaThuile_SiteLatLonClimate.xlsx#Sheet1; external_site_lists/Towers_Stoy.csv; external_site_lists/originals/Towers_Stoy.csv; external_site_lists/sites_not_in_explorer.csv; external_site_lists/unique_flux_sites.csv,5,"max_distance_km=30.74; (42.013591, 116.30127) <= external_site_lists/Towers_Stoy.csv, external_site_lists/originals/Towers_Stoy.csv, external_site_lists/sites_not_in_explorer.csv, external_site_lists/unique_flux_sites.csv | (42.0456, 116.671) <= external_site_lists/LaThuile_SiteLatLonClimate.xlsx#Sheet1",materially conflicting coordinates were present across contributing records
CN-HaM,HaM,Qinghai Flux Research Site,CN,China,37.607433,101.332,explorer_accessible,Vegetation metadata,external_site_lists/FluxSite_List_Pingyu.xlsx#Sheet1; external_site_lists/LaThuile_SiteLatLonClimate.xlsx#Sheet1; external_site_lists/Towers_Stoy.csv; external_site_lists/allSites.xlsx#Sheet1; external_site_lists/explorerSiteList_032026.xlsx#Sheet1; external_site_lists/originals/FluxSite_List_Pingyu.xlsx#Sheet1; external_site_lists/originals/Towers_Stoy.csv; external_site_lists/unique_flux_sites.csv; assets/icos_direct_fluxnet.csv; assets/japanflux_direct_snapshot.csv; assets/shuttle_snapshot.csv; assets/site_name_metadata.csv; assets/site_vegetation_metadata.csv; assets/siteinfo_fluxnet2015.csv,14,"max_distance_km=29.61; (37.37, 101.18) <= external_site_lists/FluxSite_List_Pingyu.xlsx#Sheet1, external_site_lists/LaThuile_SiteLatLonClimate.xlsx#Sheet1, external_site_lists/allSites.xlsx#Sheet1, external_site_lists/originals/FluxSite_List_Pingyu.xlsx#Sheet1, external_site_lists/unique_flux_sites.csv, assets/siteinfo_fluxnet2015.csv | (37.482078, 101.20039) <= external_site_lists/Towers_Stoy.csv, external_site_lists/originals/Towers_Stoy.csv | (37.607432, 101.332) <= assets/japanflux_direct_snapshot.csv | (37.607433, 101.332) <= assets/icos_direct_fluxnet.csv, assets/shuttle_snapshot.csv",materially conflicting coordinates were present across contributing records
CN-HaW,HaW,Haibei Wetland,CN,China,37.607655,101.32899,explorer_accessible,Site metadata,external_site_lists/FluxSite_List_Pingyu.xlsx#Sheet1; external_site_lists/allSites.xlsx#Sheet1; external_site_lists/originals/FluxSite_List_Pingyu.xlsx#Sheet1; external_site_lists/sites_not_in_explorer.csv; external_site_lists/unique_flux_sites.csv; assets/icos_direct_fluxnet.csv; assets/shuttle_snapshot.csv; assets/site_name_metadata.csv,8,"max_distance_km=0.63; (37.607655, 101.32899) <= assets/icos_direct_fluxnet.csv, assets/shuttle_snapshot.csv | (37.609908, 101.32237) <= external_site_lists/FluxSite_List_Pingyu.xlsx#Sheet1, external_site_lists/allSites.xlsx#Sheet1, external_site_lists/originals/FluxSite_List_Pingyu.xlsx#Sheet1, external_site_lists/sites_not_in_explorer.csv, external_site_lists/unique_flux_sites.csv",conflicting FLUXNET-style site_ids contributed to the merged site
CN-Jnz,Jnz,Jiaozhouwan(Paddy Rice),CN,China,41.148056,121.173889,external_docs,Site metadata,external_site_lists/FluxSite_List_Pingyu.xlsx#Sheet1; external_site_lists/Towers_Stoy.csv; external_site_lists/allSites.xlsx#Sheet1; external_site_lists/originals/FluxSite_List_Pingyu.xlsx#Sheet1; external_site_lists/originals/Towers_Stoy.csv; external_site_lists/sites_not_in_explorer.csv; external_site_lists/unique_flux_sites.csv; assets/site_name_metadata.csv,8,"max_distance_km=605.75; (36.4375, 120.089167) <= external_site_lists/FluxSite_List_Pingyu.xlsx#Sheet1, external_site_lists/allSites.xlsx#Sheet1, external_site_lists/originals/FluxSite_List_Pingyu.xlsx#Sheet1, external_site_lists/sites_not_in_explorer.csv, external_site_lists/unique_flux_sites.csv | (41.148056, 121.173889) <= external_site_lists/FluxSite_List_Pingyu.xlsx#Sheet1, external_site_lists/allSites.xlsx#Sheet1, external_site_lists/originals/FluxSite_List_Pingyu.xlsx#Sheet1 | (41.816667, 121.2) <= external_site_lists/Towers_Stoy.csv, external_site_lists/originals/Towers_Stoy.csv",materially conflicting coordinates were present across contributing records
CN-Pa1,Pa1,Panjin Wetland (Natural Reed),CN,China,40.941326,121.960532,external_docs,Site metadata,external_site_lists/FluxSite_List_Pingyu.xlsx#Sheet1; external_site_lists/Towers_Stoy.csv; external_site_lists/allSites.xlsx#Sheet1; external_site_lists/originals/FluxSite_List_Pingyu.xlsx#Sheet1; external_site_lists/originals/Towers_Stoy.csv; external_site_lists/sites_not_in_explorer.csv; external_site_lists/unique_flux_sites.csv; assets/site_name_metadata.csv,8,"max_distance_km=23.64; (40.941326, 121.960532) <= external_site_lists/FluxSite_List_Pingyu.xlsx#Sheet1, external_site_lists/allSites.xlsx#Sheet1, external_site_lists/originals/FluxSite_List_Pingyu.xlsx#Sheet1, external_site_lists/sites_not_in_explorer.csv, external_site_lists/unique_flux_sites.csv | (41.15074, 121.911736) <= external_site_lists/Towers_Stoy.csv, external_site_lists/originals/Towers_Stoy.csv",materially conflicting coordinates were present across contributing records
CN-Pa2,Pa2,Panjin Wetland (Paddy Rice),CN,China,40.932712,121.964594,external_docs,Site metadata,external_site_lists/FluxSite_List_Pingyu.xlsx#Sheet1; external_site_lists/Towers_Stoy.csv; external_site_lists/allSites.xlsx#Sheet1; external_site_lists/originals/FluxSite_List_Pingyu.xlsx#Sheet1; external_site_lists/originals/Towers_Stoy.csv; external_site_lists/sites_not_in_explorer.csv; external_site_lists/unique_flux_sites.csv; assets/site_name_metadata.csv,8,"max_distance_km=24.39; (40.932712, 121.964594) <= external_site_lists/FluxSite_List_Pingyu.xlsx#Sheet1, external_site_lists/allSites.xlsx#Sheet1, external_site_lists/originals/FluxSite_List_Pingyu.xlsx#Sheet1, external_site_lists/sites_not_in_explorer.csv, external_site_lists/unique_flux_sites.csv | (41.151774, 121.94886) <= external_site_lists/Towers_Stoy.csv, external_site_lists/originals/Towers_Stoy.csv",materially conflicting coordinates were present across contributing records
CN-San,San,Sanjiangyuan,CN,China,47.58495,133.661764,external_docs,Site metadata,external_site_lists/FluxSite_List_Pingyu.xlsx#Sheet1; external_site_lists/allSites.xlsx#Sheet1; external_site_lists/originals/FluxSite_List_Pingyu.xlsx#Sheet1; external_site_lists/sites_not_in_explorer.csv; external_site_lists/unique_flux_sites.csv; assets/site_name_metadata.csv,6,"max_distance_km=3117.45; (34.35, 100.483333) <= external_site_lists/FluxSite_List_Pingyu.xlsx#Sheet1, external_site_lists/allSites.xlsx#Sheet1, external_site_lists/originals/FluxSite_List_Pingyu.xlsx#Sheet1, external_site_lists/sites_not_in_explorer.csv, external_site_lists/unique_flux_sites.csv | (47.58495, 133.661764) <= external_site_lists/FluxSite_List_Pingyu.xlsx#Sheet1, external_site_lists/allSites.xlsx#Sheet1, external_site_lists/originals/FluxSite_List_Pingyu.xlsx#Sheet1",materially conflicting coordinates were present across contributing records
CN-Xfs,Xfs,Xilinhot Inner Mongolia fenced typical steppe (TSX),CN,China,44.134167,116.328611,external_docs,Site metadata,external_site_lists/FluxSite_List_Pingyu.xlsx#Sheet1; external_site_lists/LaThuile_SiteLatLonClimate.xlsx#Sheet1; external_site_lists/Towers_Stoy.csv; external_site_lists/allSites.xlsx#Sheet1; external_site_lists/originals/FluxSite_List_Pingyu.xlsx#Sheet1; external_site_lists/originals/Towers_Stoy.csv; external_site_lists/sites_not_in_explorer.csv; external_site_lists/unique_flux_sites.csv; assets/site_name_metadata.csv,9,"max_distance_km=72.10; (43.533333, 116.666667) <= external_site_lists/FluxSite_List_Pingyu.xlsx#Sheet1, external_site_lists/allSites.xlsx#Sheet1, external_site_lists/originals/FluxSite_List_Pingyu.xlsx#Sheet1, external_site_lists/sites_not_in_explorer.csv, external_site_lists/unique_flux_sites.csv | (44.134167, 116.328611) <= external_site_lists/LaThuile_SiteLatLonClimate.xlsx#Sheet1, external_site_lists/Towers_Stoy.csv, external_site_lists/originals/Towers_Stoy.csv",materially conflicting coordinates were present across contributing records
CN-Yuc,Yuc,Yucheng,CN,China,36.8287,116.5701,explorer_accessible,Site metadata,external_site_lists/FluxSite_List_Pingyu.xlsx#Sheet1; external_site_lists/Towers_Stoy.csv; external_site_lists/allSites.xlsx#Sheet1; external_site_lists/explorerSiteList_032026.xlsx#Sheet1; external_site_lists/originals/FluxSite_List_Pingyu.xlsx#Sheet1; external_site_lists/originals/Towers_Stoy.csv; external_site_lists/unique_flux_sites.csv; assets/icos_direct_fluxnet.csv; assets/shuttle_snapshot.csv; assets/site_name_metadata.csv,10,"max_distance_km=15.72; (36.8287, 116.5701) <= assets/icos_direct_fluxnet.csv, assets/shuttle_snapshot.csv | (36.833333, 116.570277) <= external_site_lists/Towers_Stoy.csv, external_site_lists/originals/Towers_Stoy.csv | (36.958333, 116.640556) <= external_site_lists/FluxSite_List_Pingyu.xlsx#Sheet1, external_site_lists/allSites.xlsx#Sheet1, external_site_lists/originals/FluxSite_List_Pingyu.xlsx#Sheet1, external_site_lists/unique_flux_sites.csv",materially conflicting coordinates were present across contributing records
CN-Zha,Zha,zhanjiang zhangjiangkou,CN,China,23.906444,117.402806,external_docs,Site metadata,external_site_lists/FluxSite_List_Pingyu.xlsx#Sheet1; external_site_lists/allSites.xlsx#Sheet1; external_site_lists/originals/FluxSite_List_Pingyu.xlsx#Sheet1; external_site_lists/sites_not_in_explorer.csv; external_site_lists/unique_flux_sites.csv; assets/site_name_metadata.csv,6,"max_distance_km=826.03; (21.567514, 109.7562) <= external_site_lists/FluxSite_List_Pingyu.xlsx#Sheet1, external_site_lists/allSites.xlsx#Sheet1, external_site_lists/originals/FluxSite_List_Pingyu.xlsx#Sheet1, external_site_lists/sites_not_in_explorer.csv, external_site_lists/unique_flux_sites.csv | (23.906444, 117.402806) <= external_site_lists/FluxSite_List_Pingyu.xlsx#Sheet1, external_site_lists/allSites.xlsx#Sheet1, external_site_lists/originals/FluxSite_List_Pingyu.xlsx#Sheet1",materially conflicting coordinates were present across contributing records
GBK,GBK,Gimje Soybean Field,KR,South Korea,35.750917,126.81375,explorer_repo_metadata,Site metadata,external_site_lists/FluxSite_List_Pingyu.xlsx#Sheet1; external_site_lists/allSites.xlsx#Sheet1; external_site_lists/originals/FluxSite_List_Pingyu.xlsx#Sheet1; external_site_lists/sites_not_in_explorer.csv; external_site_lists/unique_flux_sites.csv; assets/site_name_metadata.csv,6,"(35.750917, 126.81375) <= external_site_lists/FluxSite_List_Pingyu.xlsx#Sheet1, external_site_lists/allSites.xlsx#Sheet1, external_site_lists/originals/FluxSite_List_Pingyu.xlsx#Sheet1, external_site_lists/sites_not_in_explorer.csv, external_site_lists/unique_flux_sites.csv",multiple possible candidate merges were observed: KR-GmS
HCH,HCH,Hachihama Experimental Farm,JP,Japan,34.533333,133.933333,explorer_repo_metadata,Site metadata,external_site_lists/FluxSite_List_Pingyu.xlsx#Sheet1; external_site_lists/allSites.xlsx#Sheet1; external_site_lists/originals/FluxSite_List_Pingyu.xlsx#Sheet1; external_site_lists/sites_not_in_explorer.csv; external_site_lists/unique_flux_sites.csv; assets/site_name_metadata.csv,6,"(34.533333, 133.933333) <= external_site_lists/FluxSite_List_Pingyu.xlsx#Sheet1, external_site_lists/allSites.xlsx#Sheet1, external_site_lists/originals/FluxSite_List_Pingyu.xlsx#Sheet1, external_site_lists/sites_not_in_explorer.csv, external_site_lists/unique_flux_sites.csv",multiple possible candidate merges were observed: JP-Hc2
ID-Pag,Pag,Palangkaraya undrained forest,ID,Indonesia,-2.323917,113.90439,explorer_accessible,AsiaFlux;JapanFlux,external_site_lists/FluxSite_List_Pingyu.xlsx#Sheet1; external_site_lists/LaThuile_SiteLatLonClimate.xlsx#Sheet1; external_site_lists/Towers_Stoy.csv; external_site_lists/allSites.xlsx#Sheet1; external_site_lists/explorerSiteList_032026.xlsx#Sheet1; external_site_lists/originals/FluxSite_List_Pingyu.xlsx#Sheet1; external_site_lists/originals/Towers_Stoy.csv; external_site_lists/unique_flux_sites.csv; assets/icos_direct_fluxnet.csv; assets/japanflux_direct_snapshot.csv; assets/shuttle_snapshot.csv; assets/site_name_metadata.csv,12,"max_distance_km=521.50; (-2.323917, 113.90439) <= assets/icos_direct_fluxnet.csv, assets/shuttle_snapshot.csv | (-2.323917, 113.904392) <= external_site_lists/FluxSite_List_Pingyu.xlsx#Sheet1, external_site_lists/allSites.xlsx#Sheet1, external_site_lists/originals/FluxSite_List_Pingyu.xlsx#Sheet1, external_site_lists/unique_flux_sites.csv, assets/japanflux_direct_snapshot.csv | (-2.345, 114.0364) <= external_site_lists/Towers_Stoy.csv, external_site_lists/originals/Towers_Stoy.csv | (2.345, 114.036) <= external_site_lists/LaThuile_SiteLatLonClimate.xlsx#Sheet1",materially conflicting coordinates were present across contributing records
IT-LMa,LMa,La Mandria,IT,Italy,45.15258,7.58259,explorer_accessible,CarboEuropeIP; CarboItaly; CarboExtreme,external_site_lists/EFDC_SitesList.csv; external_site_lists/LaThuile_SiteLatLonClimate.xlsx#Sheet1; external_site_lists/Towers_Stoy.csv; external_site_lists/originals/Towers_Stoy.csv; external_site_lists/sites_not_in_explorer.csv; external_site_lists/unique_flux_sites.csv; assets/efd_curated_sites_snapshot.csv; assets/efd_sites_snapshot.csv,8,"max_distance_km=58.23; (45.15258, 7.58259) <= external_site_lists/EFDC_SitesList.csv, external_site_lists/Towers_Stoy.csv, external_site_lists/originals/Towers_Stoy.csv, external_site_lists/sites_not_in_explorer.csv, external_site_lists/unique_flux_sites.csv, assets/efd_curated_sites_snapshot.csv, assets/efd_sites_snapshot.csv | (45.5813, 7.15463) <= external_site_lists/LaThuile_SiteLatLonClimate.xlsx#Sheet1",materially conflicting coordinates were present across contributing records
JP-Tom,Tom,Tomakomai Experimental Forest,JP,Japan,42.698906,141.571488,explorer_accessible,Stoy only,external_site_lists/LaThuile_SiteLatLonClimate.xlsx#Sheet1; external_site_lists/Towers_Stoy.csv; external_site_lists/explorerSiteList_032026.xlsx#Sheet1; external_site_lists/originals/Towers_Stoy.csv; external_site_lists/unique_flux_sites.csv; assets/japanflux_direct_snapshot.csv,6,"max_distance_km=6.46; (42.698906, 141.571488) <= assets/japanflux_direct_snapshot.csv | (42.7395, 141.5149) <= external_site_lists/LaThuile_SiteLatLonClimate.xlsx#Sheet1, external_site_lists/Towers_Stoy.csv, external_site_lists/originals/Towers_Stoy.csv, external_site_lists/unique_flux_sites.csv",materially conflicting coordinates were present across contributing records
KMW,KMW,Kog-Ma Wateshed,TH,Thailand,18.8,98.9,explorer_repo_metadata,Site metadata,external_site_lists/FluxSite_List_Pingyu.xlsx#Sheet1; external_site_lists/allSites.xlsx#Sheet1; external_site_lists/originals/FluxSite_List_Pingyu.xlsx#Sheet1; external_site_lists/sites_not_in_explorer.csv; external_site_lists/unique_flux_sites.csv; assets/site_name_metadata.csv,6,"(18.8, 98.9) <= external_site_lists/FluxSite_List_Pingyu.xlsx#Sheet1, external_site_lists/allSites.xlsx#Sheet1, external_site_lists/originals/FluxSite_List_Pingyu.xlsx#Sheet1, external_site_lists/sites_not_in_explorer.csv, external_site_lists/unique_flux_sites.csv",multiple possible candidate merges were observed: TH-Kog
KR-Hnm,Hnm,Haenam Farmland (HFK),KR,South Korea,34.5538,126.56992,explorer_accessible,AsiaFlux;KoFlux,external_site_lists/LaThuile_SiteLatLonClimate.xlsx#Sheet1; external_site_lists/Towers_Stoy.csv; external_site_lists/explorerSiteList_032026.xlsx#Sheet1; external_site_lists/originals/Towers_Stoy.csv; external_site_lists/unique_flux_sites.csv; assets/icos_direct_fluxnet.csv; assets/shuttle_snapshot.csv,7,"max_distance_km=91.59; (34.55, 126.57) <= external_site_lists/LaThuile_SiteLatLonClimate.xlsx#Sheet1 | (34.5538, 126.56992) <= assets/icos_direct_fluxnet.csv, assets/shuttle_snapshot.csv | (34.553888, 127.57) <= external_site_lists/Towers_Stoy.csv, external_site_lists/originals/Towers_Stoy.csv, external_site_lists/unique_flux_sites.csv",materially conflicting coordinates were present across contributing records
ML-Kem,Kem,Kelma,ML,Mali,15.2875,-1.543056,explorer_accessible,CarboAfrica,external_site_lists/EFDC_SitesList.csv; external_site_lists/Towers_Stoy.csv; external_site_lists/originals/Towers_Stoy.csv; external_site_lists/sites_not_in_explorer.csv; external_site_lists/unique_flux_sites.csv; assets/efd_curated_sites_snapshot.csv; assets/efd_sites_snapshot.csv; assets/icos_direct_fluxnet.csv; assets/shuttle_snapshot.csv,9,"max_distance_km=7.52; (15.2237, -1.5662) <= external_site_lists/EFDC_SitesList.csv, external_site_lists/Towers_Stoy.csv, external_site_lists/originals/Towers_Stoy.csv, external_site_lists/sites_not_in_explorer.csv, external_site_lists/unique_flux_sites.csv, assets/efd_curated_sites_snapshot.csv, assets/efd_sites_snapshot.csv | (15.2875, -1.543056) <= assets/icos_direct_fluxnet.csv, assets/shuttle_snapshot.csv",materially conflicting coordinates were present across contributing records
MMP,MMP,Mae Moh plantation,TH,Thailand,18.422942,99.718037,explorer_repo_metadata,Site metadata,external_site_lists/FluxSite_List_Pingyu.xlsx#Sheet1; external_site_lists/allSites.xlsx#Sheet1; external_site_lists/originals/FluxSite_List_Pingyu.xlsx#Sheet1; external_site_lists/sites_not_in_explorer.csv; external_site_lists/unique_flux_sites.csv; assets/site_name_metadata.csv,6,"(18.422942, 99.718037) <= external_site_lists/FluxSite_List_Pingyu.xlsx#Sheet1, external_site_lists/allSites.xlsx#Sheet1, external_site_lists/originals/FluxSite_List_Pingyu.xlsx#Sheet1, external_site_lists/sites_not_in_explorer.csv, external_site_lists/unique_flux_sites.csv",multiple possible candidate merges were observed: TH-Mae
NL-Hor,Hor,Horstermeer,NL,Netherlands,52.24035,5.071301,explorer_accessible,CarboEuropeIP; IMECC; GHG-Europe; InGOS,external_site_lists/EFDC_SitesList.csv; external_site_lists/FluxSite_List_Pingyu.xlsx#Sheet1; external_site_lists/LaThuile_SiteLatLonClimate.xlsx#Sheet1; external_site_lists/Towers_Stoy.csv; external_site_lists/allSites.xlsx#Sheet1; external_site_lists/explorerSiteList_032026.xlsx#Sheet1; external_site_lists/originals/FluxSite_List_Pingyu.xlsx#Sheet1; external_site_lists/originals/Towers_Stoy.csv; external_site_lists/unique_flux_sites.csv; assets/efd_curated_sites_snapshot.csv; assets/efd_sites_snapshot.csv; assets/site_name_metadata.csv; assets/site_vegetation_metadata.csv; assets/siteinfo_fluxnet2015.csv,14,"max_distance_km=23.52; (52.0289, 5.0675) <= external_site_lists/LaThuile_SiteLatLonClimate.xlsx#Sheet1 | (52.24035, 5.071301) <= external_site_lists/EFDC_SitesList.csv, external_site_lists/FluxSite_List_Pingyu.xlsx#Sheet1, external_site_lists/Towers_Stoy.csv, external_site_lists/allSites.xlsx#Sheet1, external_site_lists/originals/FluxSite_List_Pingyu.xlsx#Sheet1, external_site_lists/originals/Towers_Stoy.csv, external_site_lists/unique_flux_sites.csv, assets/efd_curated_sites_snapshot.csv, assets/efd_sites_snapshot.csv | (52.2404, 5.0713) <= assets/siteinfo_fluxnet2015.csv",materially conflicting coordinates were present across contributing records
NZ-Sco,Sco,Scott Farm,NZ,New Zealand,-37.46,175.22,external_docs,Site metadata,external_site_lists/FluxSite_List_Pingyu.xlsx#Sheet1; external_site_lists/Towers_Stoy.csv; external_site_lists/allSites.xlsx#Sheet1; external_site_lists/originals/FluxSite_List_Pingyu.xlsx#Sheet1; external_site_lists/originals/Towers_Stoy.csv; external_site_lists/sites_not_in_explorer.csv; external_site_lists/unique_flux_sites.csv; assets/site_name_metadata.csv,8,"(-37.46, 175.22) <= external_site_lists/FluxSite_List_Pingyu.xlsx#Sheet1, external_site_lists/Towers_Stoy.csv, external_site_lists/allSites.xlsx#Sheet1, external_site_lists/originals/FluxSite_List_Pingyu.xlsx#Sheet1, external_site_lists/originals/Towers_Stoy.csv, external_site_lists/sites_not_in_explorer.csv, external_site_lists/unique_flux_sites.csv",multiple possible candidate merges were observed: NZ-ScF
PA-BAS,BAS,Barro Colorado Island,PA,Panama,9.1565,-79.8482,explorer_repo_metadata,Vegetation metadata,external_site_lists/FluxSite_List_Pingyu.xlsx#Sheet1; external_site_lists/Towers_Stoy.csv; external_site_lists/allSites.xlsx#Sheet1; external_site_lists/explorerSiteList_032026.xlsx#Sheet1; external_site_lists/originals/FluxSite_List_Pingyu.xlsx#Sheet1; external_site_lists/originals/Towers_Stoy.csv; external_site_lists/unique_flux_sites.csv; assets/ameriflux_site_info.csv; assets/site_name_metadata.csv; assets/site_vegetation_metadata.csv,10,"max_distance_km=0.32; (9.154, -79.848) <= external_site_lists/Towers_Stoy.csv, external_site_lists/originals/Towers_Stoy.csv | (9.1565, -79.8482) <= assets/ameriflux_site_info.csv | (9.1568, -79.8486) <= external_site_lists/FluxSite_List_Pingyu.xlsx#Sheet1, external_site_lists/allSites.xlsx#Sheet1, external_site_lists/originals/FluxSite_List_Pingyu.xlsx#Sheet1, external_site_lists/unique_flux_sites.csv, assets/ameriflux_site_info.csv",conflicting FLUXNET-style site_ids contributed to the merged site
PDF,PDF,Palangkaraya drained forest,ID,Indonesia,-2.345,114.0364,explorer_repo_metadata,Site metadata,external_site_lists/FluxSite_List_Pingyu.xlsx#Sheet1; external_site_lists/allSites.xlsx#Sheet1; external_site_lists/originals/FluxSite_List_Pingyu.xlsx#Sheet1; external_site_lists/sites_not_in_explorer.csv; external_site_lists/unique_flux_sites.csv; assets/site_name_metadata.csv,6,"(-2.345, 114.0364) <= external_site_lists/FluxSite_List_Pingyu.xlsx#Sheet1, external_site_lists/allSites.xlsx#Sheet1, external_site_lists/originals/FluxSite_List_Pingyu.xlsx#Sheet1, external_site_lists/sites_not_in_explorer.csv, external_site_lists/unique_flux_sites.csv",multiple possible candidate merges were observed: ID-PaD
RU-Cok,Cok,Chokurdakh,RU,Russia,70.829139,147.494278,explorer_accessible,GHG-Europe; PAGE21; TCOS-Siberia,external_site_lists/EFDC_SitesList.csv; external_site_lists/FluxSite_List_Pingyu.xlsx#Sheet1; external_site_lists/LaThuile_SiteLatLonClimate.xlsx#Sheet1; external_site_lists/Towers_Stoy.csv; external_site_lists/allSites.xlsx#Sheet1; external_site_lists/explorerSiteList_032026.xlsx#Sheet1; external_site_lists/originals/FluxSite_List_Pingyu.xlsx#Sheet1; external_site_lists/originals/Towers_Stoy.csv; external_site_lists/unique_flux_sites.csv; assets/efd_curated_sites_snapshot.csv; assets/efd_sites_snapshot.csv; assets/site_name_metadata.csv; assets/site_vegetation_metadata.csv; assets/siteinfo_fluxnet2015.csv,14,"max_distance_km=27.60; (70.6167, 147.883) <= external_site_lists/LaThuile_SiteLatLonClimate.xlsx#Sheet1 | (70.8291, 147.4943) <= assets/siteinfo_fluxnet2015.csv | (70.829139, 147.494278) <= external_site_lists/EFDC_SitesList.csv, external_site_lists/FluxSite_List_Pingyu.xlsx#Sheet1, external_site_lists/Towers_Stoy.csv, external_site_lists/allSites.xlsx#Sheet1, external_site_lists/originals/FluxSite_List_Pingyu.xlsx#Sheet1, external_site_lists/originals/Towers_Stoy.csv, external_site_lists/unique_flux_sites.csv, assets/efd_curated_sites_snapshot.csv, assets/efd_sites_snapshot.csv",materially conflicting coordinates were present across contributing records
RU-Ha3,Ha3,Hakasia 10 yr,RU,Russia,54.70455,90.07785,explorer_accessible,European_Fluxes,external_site_lists/EFDC_SitesList.csv; external_site_lists/FluxSite_List_Pingyu.xlsx#Sheet1; external_site_lists/LaThuile_SiteLatLonClimate.xlsx#Sheet1; external_site_lists/Towers_Stoy.csv; external_site_lists/allSites.xlsx#Sheet1; external_site_lists/originals/FluxSite_List_Pingyu.xlsx#Sheet1; external_site_lists/originals/Towers_Stoy.csv; external_site_lists/sites_not_in_explorer.csv; external_site_lists/unique_flux_sites.csv; assets/efd_curated_sites_snapshot.csv; assets/efd_sites_snapshot.csv; assets/site_name_metadata.csv,12,"max_distance_km=64.25; (54.70455, 89.07785) <= external_site_lists/LaThuile_SiteLatLonClimate.xlsx#Sheet1 | (54.70455, 90.07785) <= external_site_lists/EFDC_SitesList.csv, external_site_lists/FluxSite_List_Pingyu.xlsx#Sheet1, external_site_lists/Towers_Stoy.csv, external_site_lists/allSites.xlsx#Sheet1, external_site_lists/originals/FluxSite_List_Pingyu.xlsx#Sheet1, external_site_lists/originals/Towers_Stoy.csv, external_site_lists/sites_not_in_explorer.csv, external_site_lists/unique_flux_sites.csv, assets/efd_curated_sites_snapshot.csv, assets/efd_sites_snapshot.csv",materially conflicting coordinates were present across contributing records
RU-SkP,SkP,Yakutsk Spasskaya Pad larch,RU,Russia,62.25471,129.61855,explorer_accessible,AsiaFlux;JapanFlux;PAGE21,external_site_lists/EFDC_SitesList.csv; external_site_lists/FluxSite_List_Pingyu.xlsx#Sheet1; external_site_lists/Towers_Stoy.csv; external_site_lists/allSites.xlsx#Sheet1; external_site_lists/explorerSiteList_032026.xlsx#Sheet1; external_site_lists/originals/FluxSite_List_Pingyu.xlsx#Sheet1; external_site_lists/originals/Towers_Stoy.csv; external_site_lists/unique_flux_sites.csv; assets/efd_curated_sites_snapshot.csv; assets/efd_sites_snapshot.csv; assets/icos_direct_fluxnet.csv; assets/japanflux_direct_snapshot.csv; assets/shuttle_snapshot.csv; assets/site_name_metadata.csv; assets/site_vegetation_metadata.csv; assets/siteinfo_fluxnet2015.csv,16,"max_distance_km=23.32; (62.25471, 129.618543) <= external_site_lists/EFDC_SitesList.csv, external_site_lists/FluxSite_List_Pingyu.xlsx#Sheet1, external_site_lists/allSites.xlsx#Sheet1, external_site_lists/originals/FluxSite_List_Pingyu.xlsx#Sheet1, external_site_lists/unique_flux_sites.csv, assets/efd_curated_sites_snapshot.csv, assets/efd_sites_snapshot.csv, assets/japanflux_direct_snapshot.csv | (62.25471, 129.61855) <= assets/icos_direct_fluxnet.csv, assets/shuttle_snapshot.csv | (62.255, 129.168) <= external_site_lists/Towers_Stoy.csv, external_site_lists/originals/Towers_Stoy.csv, assets/siteinfo_fluxnet2015.csv",materially conflicting coordinates were present across contributing records
SAP,SAP,Sapporo forest meteorology research site,JP,Japan,42.986836,141.385288,explorer_repo_metadata,Site metadata,external_site_lists/FluxSite_List_Pingyu.xlsx#Sheet1; external_site_lists/allSites.xlsx#Sheet1; external_site_lists/originals/FluxSite_List_Pingyu.xlsx#Sheet1; external_site_lists/sites_not_in_explorer.csv; external_site_lists/unique_flux_sites.csv; assets/site_name_metadata.csv,6,"(42.986836, 141.385288) <= external_site_lists/FluxSite_List_Pingyu.xlsx#Sheet1, external_site_lists/allSites.xlsx#Sheet1, external_site_lists/originals/FluxSite_List_Pingyu.xlsx#Sheet1, external_site_lists/sites_not_in_explorer.csv, external_site_lists/unique_flux_sites.csv",multiple possible candidate merges were observed: JP-Spp
SE-Ros,Ros,Rosinedal-3,SE,Sweden,64.16522,19.79074,explorer_accessible,European_Fluxes,external_site_lists/EFDC_SitesList.csv; external_site_lists/FluxSite_List_Pingyu.xlsx#Sheet1; external_site_lists/Towers_Stoy.csv; external_site_lists/allSites.xlsx#Sheet1; external_site_lists/explorerSiteList_032026.xlsx#Sheet1; external_site_lists/originals/FluxSite_List_Pingyu.xlsx#Sheet1; external_site_lists/originals/Towers_Stoy.csv; external_site_lists/unique_flux_sites.csv; assets/efd_curated_sites_snapshot.csv; assets/efd_sites_snapshot.csv; assets/icos_direct_fluxnet.csv; assets/site_name_metadata.csv,12,"max_distance_km=2.71; (64.16522, 19.79074) <= assets/icos_direct_fluxnet.csv | (64.165333, 19.791417) <= external_site_lists/EFDC_SitesList.csv, external_site_lists/FluxSite_List_Pingyu.xlsx#Sheet1, external_site_lists/allSites.xlsx#Sheet1, external_site_lists/originals/FluxSite_List_Pingyu.xlsx#Sheet1, external_site_lists/unique_flux_sites.csv, assets/efd_curated_sites_snapshot.csv, assets/efd_sites_snapshot.csv | (64.1725, 19.738) <= external_site_lists/Towers_Stoy.csv, external_site_lists/originals/Towers_Stoy.csv",materially conflicting coordinates were present across contributing records
TGK,TGK,Tibet Grassland Site,,,,,explorer_repo_metadata,Site metadata,assets/site_name_metadata.csv,1,,country_code could not be inferred confidently
TH-Mae,Mae,Mae Moh plantation,TH,Thailand,18.42264,99.72025,explorer_accessible,AsiaFlux;JapanFlux,external_site_lists/Towers_Stoy.csv; external_site_lists/explorerSiteList_032026.xlsx#Sheet1; external_site_lists/originals/Towers_Stoy.csv; external_site_lists/unique_flux_sites.csv; assets/icos_direct_fluxnet.csv; assets/japanflux_direct_snapshot.csv; assets/shuttle_snapshot.csv,7,"max_distance_km=436.33; (14.589564, 98.84388) <= external_site_lists/Towers_Stoy.csv, external_site_lists/originals/Towers_Stoy.csv, external_site_lists/unique_flux_sites.csv | (18.383333, 99.716667) <= assets/japanflux_direct_snapshot.csv | (18.42264, 99.72025) <= assets/icos_direct_fluxnet.csv, assets/shuttle_snapshot.csv",materially conflicting coordinates were present across contributing records
TSE,TSE,CC-LaG Teshio Experimental Forest,JP,Japan,45.0558,142.1073,explorer_repo_metadata,Site metadata,external_site_lists/FluxSite_List_Pingyu.xlsx#Sheet1; external_site_lists/allSites.xlsx#Sheet1; external_site_lists/originals/FluxSite_List_Pingyu.xlsx#Sheet1; external_site_lists/sites_not_in_explorer.csv; external_site_lists/unique_flux_sites.csv; assets/site_name_metadata.csv,6,"(45.0558, 142.1073) <= external_site_lists/FluxSite_List_Pingyu.xlsx#Sheet1, external_site_lists/allSites.xlsx#Sheet1, external_site_lists/originals/FluxSite_List_Pingyu.xlsx#Sheet1, external_site_lists/sites_not_in_explorer.csv, external_site_lists/unique_flux_sites.csv",multiple possible candidate merges were observed: JP-Tef
US-CS5,CS5,Central Sands Irrigated Agricultural Field,US,United States,44.1095,-89.5377,explorer_accessible,Vegetation metadata,external_site_lists/FluxSite_List_Pingyu.xlsx#Sheet1; external_site_lists/Towers_Stoy.csv; external_site_lists/allSites.xlsx#Sheet1; external_site_lists/explorerSiteList_032026.xlsx#Sheet1; external_site_lists/originals/FluxSite_List_Pingyu.xlsx#Sheet1; external_site_lists/originals/Towers_Stoy.csv; external_site_lists/unique_flux_sites.csv; assets/ameriflux_site_info.csv; assets/shuttle_snapshot.csv; assets/site_name_metadata.csv; assets/site_vegetation_metadata.csv,11,"max_distance_km=0.71; (44.1031, -89.5379) <= external_site_lists/FluxSite_List_Pingyu.xlsx#Sheet1, external_site_lists/Towers_Stoy.csv, external_site_lists/allSites.xlsx#Sheet1, external_site_lists/originals/FluxSite_List_Pingyu.xlsx#Sheet1, external_site_lists/originals/Towers_Stoy.csv, external_site_lists/unique_flux_sites.csv, assets/ameriflux_site_info.csv, assets/shuttle_snapshot.csv | (44.1095, -89.5377) <= external_site_lists/FluxSite_List_Pingyu.xlsx#Sheet1, external_site_lists/Towers_Stoy.csv, external_site_lists/allSites.xlsx#Sheet1, external_site_lists/originals/FluxSite_List_Pingyu.xlsx#Sheet1, external_site_lists/originals/Towers_Stoy.csv, external_site_lists/unique_flux_sites.csv, assets/ameriflux_site_info.csv, assets/shuttle_snapshot.csv",conflicting FLUXNET-style site_ids contributed to the merged site
US-CS8,CS8,Central Sands Irrigated Agricultural Field,US,United States,44.4338,-89.5364,explorer_accessible,Vegetation metadata,external_site_lists/FluxSite_List_Pingyu.xlsx#Sheet1; external_site_lists/allSites.xlsx#Sheet1; external_site_lists/explorerSiteList_032026.xlsx#Sheet1; external_site_lists/originals/FluxSite_List_Pingyu.xlsx#Sheet1; external_site_lists/unique_flux_sites.csv; assets/ameriflux_site_info.csv; assets/shuttle_snapshot.csv; assets/site_name_metadata.csv; assets/site_vegetation_metadata.csv,9,"max_distance_km=0.76; (44.4297, -89.544) <= external_site_lists/FluxSite_List_Pingyu.xlsx#Sheet1, external_site_lists/allSites.xlsx#Sheet1, external_site_lists/originals/FluxSite_List_Pingyu.xlsx#Sheet1, external_site_lists/unique_flux_sites.csv, assets/ameriflux_site_info.csv, assets/shuttle_snapshot.csv | (44.4338, -89.5364) <= external_site_lists/FluxSite_List_Pingyu.xlsx#Sheet1, external_site_lists/allSites.xlsx#Sheet1, external_site_lists/originals/FluxSite_List_Pingyu.xlsx#Sheet1, external_site_lists/unique_flux_sites.csv, assets/ameriflux_site_info.csv, assets/shuttle_snapshot.csv",conflicting FLUXNET-style site_ids contributed to the merged site
US-CU4,CU4,Argonne Testbed for Multiscale Observational Science (ATMOS),US,United States,41.7015,-87.9953,explorer_repo_metadata,Vegetation metadata,external_site_lists/FluxSite_List_Pingyu.xlsx#Sheet1; external_site_lists/allSites.xlsx#Sheet1; external_site_lists/explorerSiteList_032026.xlsx#Sheet1; external_site_lists/originals/FluxSite_List_Pingyu.xlsx#Sheet1; external_site_lists/sites_not_in_explorer.csv; external_site_lists/unique_flux_sites.csv; assets/ameriflux_site_info.csv; assets/site_name_metadata.csv; assets/site_vegetation_metadata.csv,9,"max_distance_km=0.09; (41.7015, -87.9953) <= external_site_lists/FluxSite_List_Pingyu.xlsx#Sheet1, external_site_lists/allSites.xlsx#Sheet1, external_site_lists/originals/FluxSite_List_Pingyu.xlsx#Sheet1, external_site_lists/sites_not_in_explorer.csv, external_site_lists/unique_flux_sites.csv, assets/ameriflux_site_info.csv | (41.7018, -87.9963) <= external_site_lists/FluxSite_List_Pingyu.xlsx#Sheet1, external_site_lists/allSites.xlsx#Sheet1, external_site_lists/originals/FluxSite_List_Pingyu.xlsx#Sheet1, external_site_lists/unique_flux_sites.csv, assets/ameriflux_site_info.csv",conflicting FLUXNET-style site_ids contributed to the merged site
US-GOO,GOO,Goodwin Creek,US,United States,34.2547,-89.8735,explorer_repo_metadata,Vegetation metadata,external_site_lists/FluxSite_List_Pingyu.xlsx#Sheet1; external_site_lists/LaThuile_SiteLatLonClimate.xlsx#Sheet1; external_site_lists/Towers_Stoy.csv; external_site_lists/allSites.xlsx#Sheet1; external_site_lists/explorerSiteList_032026.xlsx#Sheet1; external_site_lists/originals/FluxSite_List_Pingyu.xlsx#Sheet1; external_site_lists/originals/Towers_Stoy.csv; external_site_lists/unique_flux_sites.csv; assets/ameriflux_site_info.csv; assets/site_name_metadata.csv; assets/site_vegetation_metadata.csv; assets/siteinfo_fluxnet2015.csv,12,"max_distance_km=8.88; (34.25, -89.97) <= external_site_lists/LaThuile_SiteLatLonClimate.xlsx#Sheet1 | (34.2547, -89.8735) <= external_site_lists/FluxSite_List_Pingyu.xlsx#Sheet1, external_site_lists/Towers_Stoy.csv, external_site_lists/allSites.xlsx#Sheet1, external_site_lists/originals/FluxSite_List_Pingyu.xlsx#Sheet1, external_site_lists/originals/Towers_Stoy.csv, external_site_lists/unique_flux_sites.csv, assets/ameriflux_site_info.csv, assets/siteinfo_fluxnet2015.csv",materially conflicting coordinates were present across contributing records
US-WI9,WI9,Young Jack pine (YJP),US,United States,46.7385,-91.0746,explorer_repo_metadata,Vegetation metadata,external_site_lists/FluxSite_List_Pingyu.xlsx#Sheet1; external_site_lists/LaThuile_SiteLatLonClimate.xlsx#Sheet1; external_site_lists/Towers_Stoy.csv; external_site_lists/allSites.xlsx#Sheet1; external_site_lists/explorerSiteList_032026.xlsx#Sheet1; external_site_lists/originals/FluxSite_List_Pingyu.xlsx#Sheet1; external_site_lists/originals/Towers_Stoy.csv; external_site_lists/unique_flux_sites.csv; assets/ameriflux_site_info.csv; assets/site_name_metadata.csv; assets/site_vegetation_metadata.csv; assets/siteinfo_fluxnet2015.csv,12,"max_distance_km=13.32; (46.6188, -91.0814) <= external_site_lists/LaThuile_SiteLatLonClimate.xlsx#Sheet1, assets/siteinfo_fluxnet2015.csv | (46.7385, -91.0746) <= external_site_lists/FluxSite_List_Pingyu.xlsx#Sheet1, external_site_lists/Towers_Stoy.csv, external_site_lists/allSites.xlsx#Sheet1, external_site_lists/originals/FluxSite_List_Pingyu.xlsx#Sheet1, external_site_lists/originals/Towers_Stoy.csv, external_site_lists/unique_flux_sites.csv, assets/ameriflux_site_info.csv",materially conflicting coordinates were present across contributing records
